,City,Cloudiness,Country,Date,Humidity,Lat,Lng,Max Temp,Wind Speed
0,Acapulco,75,MX,1545082920,70,16.86,-99.88,84.2,6.93
1,Ilulissat,75,GL,1545079800,72,69.22,-51.1,15.8,9.17
2,Ushuaia,75,AR,1545080400,87,-54.81,-68.31,46.4,27.51
3,Clyde River,20,CA,1545080400,83,70.47,-68.59,-7.61,10.29
4,Anito,88,PH,1545084754,100,12.45,125.29,80.47,22.75
5,Upernavik,92,GL,1545084526,100,72.79,-56.15,19.94,7.43
6,Dikson,56,RU,1545084523,91,73.51,80.55,8.87,13.02
7,Ribeira Grande,40,PT,1545080400,71,38.52,-28.7,55.4,16.11
8,Punta Arenas,0,CL,1545080400,50,-53.16,-70.91,55.4,33.33
9,Hermanus,0,ZA,1545084759,85,-34.42,19.24,66.47,1.83
10,Sitka,32,US,1545084761,28,37.17,-99.65,56.8,11.45
11,Port Moresby,56,PG,1545084762,99,-9.47,147.16,83.39,5.75
12,Mataura,80,NZ,1545084454,92,-46.19,168.86,63.68,15.7
13,Zhigansk,24,RU,1545084764,56,66.77,123.37,-19.39,2.62
14,Bluff,0,AU,1545084450,79,-23.58,149.07,74.48,11.01
15,Meulaboh,80,ID,1545084766,100,4.14,96.13,76.96,5.97
16,Caravelas,0,BR,1545084767,100,-17.73,-39.27,79.21,13.13
17,Mayo,75,CA,1545080400,58,63.59,-135.9,30.2,10.29
18,Atambua,20,ID,1545084770,100,-9.11,124.89,78.04,6.31
19,Narsaq,0,GL,1545084585,48,60.91,-46.05,0.77,3.74
20,Rikitea,64,PF,1545084443,98,-23.12,-134.97,78.76,12.8
21,Sainte-Anne-des-Monts,92,CA,1545084777,97,49.13,-66.49,28.31,1.95
22,Pecos,1,US,1545083700,39,31.42,-103.49,58.82,5.82
23,Bethel,75,US,1545080160,82,60.79,-161.76,-2.03,10.29
24,Luderitz,20,NA,1545084780,95,-26.65,15.16,58.24,5.64
25,College,90,US,1545083880,77,64.86,-147.8,-5.81,3.36
26,Amapa,75,HN,1545084000,73,15.09,-87.97,73.4,5.82
27,Negara,92,ID,1545084784,98,-8.36,114.62,78.49,3.51
28,Buchanan,40,LR,1545080400,94,5.88,-10.05,77.0,8.55
29,Salym,64,RU,1545084786,85,60.06,71.48,23.14,7.43
30,Cabo San Lucas,75,MX,1545082920,60,22.89,-109.91,93.2,4.7
31,Katsuura,20,JP,1545081600,69,33.93,134.5,44.6,9.17
32,Busselton,12,AU,1545084517,100,-33.64,115.35,59.27,11.45
33,Blackpool,90,IE,1545084000,100,51.91,-8.47,51.8,27.51
34,Kruisfontein,92,ZA,1545084542,91,-34.0,24.73,71.47,6.31
35,Souillac,0,FR,1545082200,100,45.6,-0.6,44.6,8.05
36,Saint George,90,GR,1545079800,65,39.45,22.34,44.6,2.51
37,Chilca,75,PE,1545082200,54,-13.22,-72.34,57.2,11.41
38,Esil,48,KZ,1545084796,75,51.96,66.41,2.93,3.06
39,Chuy,88,UY,1545084797,96,-33.69,-53.46,72.19,8.43
40,Broome,56,GB,1545083760,93,52.47,1.45,45.5,8.05
41,Port Shepstone,56,ZA,1545084799,82,-30.74,30.45,75.61,6.42
42,Barcelos,0,PT,1545082200,66,41.53,-8.62,51.8,10.29
43,Esperance,20,TT,1545080400,74,10.24,-61.45,82.4,13.87
44,Airai,56,TL,1545084803,93,-8.93,125.41,70.75,1.61
45,Sungai Udang,75,MY,1545082200,88,5.16,100.43,77.0,3.36
46,Zhoucheng,0,CN,1545080400,100,31.35,119.33,30.2,4.47
47,Hobart,75,AU,1545082200,71,-42.88,147.33,57.2,9.17
48,Vila,0,IT,1545083400,100,45.18,8.4,37.4,2.24
49,Mumford,0,GH,1545084809,82,5.26,-0.76,80.92,7.76
50,Oranjemund,88,ZA,1545084452,91,-28.55,16.43,62.69,5.08
51,Port Elizabeth,1,US,1545083760,53,39.31,-74.98,48.02,12.75
52,Sao Felix do Xingu,76,BR,1545084812,84,-6.64,-51.99,79.16,2.73
53,Cape Town,75,ZA,1545080400,93,-33.93,18.42,60.8,12.75
54,Albany,90,US,1545083820,75,42.65,-73.75,39.02,9.17
55,Bambous Virieux,75,MU,1545084000,69,-20.34,57.76,78.8,16.11
56,Bredasdorp,100,ZA,1545080400,83,-34.53,20.04,75.2,9.17
57,Vaini,0,IN,1545084440,78,15.34,74.49,59.27,4.63
58,The Valley,20,AI,1545080400,65,18.22,-63.06,80.6,8.05
59,Kapaa,75,US,1545080160,32,22.08,-159.32,78.08,11.41
60,Moissac,32,FR,1545082200,100,44.11,1.08,44.6,6.93
61,Denpasar,20,ID,1545082200,74,-8.65,115.22,82.4,3.36
62,Baykit,80,RU,1545084824,83,61.68,96.39,17.42,12.35
63,Abonnema,12,NG,1545080400,83,4.71,6.79,80.6,3.51
64,Tazovskiy,88,RU,1545084826,88,67.47,78.7,27.77,26.55
65,Shahr-e Babak,0,IR,1545084827,58,30.12,55.12,26.24,7.31
66,Tateyama,75,JP,1545084000,69,36.66,137.31,37.4,2.24
67,Faya,0,SA,1545080400,93,18.39,42.45,59.0,2.06
68,Ornskoldsvik,90,SE,1545083400,100,63.29,18.72,26.6,2.24
69,Ponta do Sol,8,BR,1545084469,49,-20.63,-46.0,85.24,1.95
70,Kahului,20,US,1545083760,46,20.89,-156.47,82.94,19.46
71,Banda Aceh,0,ID,1545084548,100,5.56,95.32,73.94,3.62
72,Mount Gambier,90,AU,1545082200,87,-37.83,140.78,59.0,12.75
73,Lufilufi,75,WS,1545080400,74,-13.87,-171.6,86.0,11.41
74,Alice Springs,0,AU,1545082200,27,-23.7,133.88,80.6,1.12
75,Alta Floresta,48,BR,1545084839,82,-9.87,-56.08,81.64,2.17
76,Talnakh,76,RU,1545084573,81,69.49,88.39,-2.38,6.31
77,Geraldton,90,CA,1545080400,72,49.72,-86.95,14.0,10.29
78,Moron,88,VE,1545084595,51,10.49,-68.2,79.84,2.95
79,Hilo,90,US,1545079980,62,19.71,-155.08,77.0,12.57
80,Cabedelo,75,BR,1545084000,94,-6.97,-34.84,77.0,8.05
81,Igarka,92,RU,1545084846,90,67.47,86.57,26.02,22.86
82,Zemio,8,CF,1545084847,69,5.02,25.13,73.99,2.73
83,Port Lincoln,56,AU,1545084848,87,-34.72,135.86,66.7,16.26
84,Yellowknife,20,CA,1545080400,84,62.45,-114.38,6.8,11.41
85,Ostrovnoy,64,RU,1545084850,92,68.05,39.51,13.69,15.82
86,Jiuquan,0,CN,1545084852,83,39.73,98.49,-7.29,1.39
87,Gawler,75,AU,1545082200,73,-34.6,138.75,69.8,13.87
88,Wuhu,0,CN,1545080400,100,31.35,118.43,30.2,4.47
89,San Juan,20,PH,1545084000,94,14.6,121.03,77.0,17.05
90,Portsmouth,40,GB,1545083400,87,50.8,-1.08,51.8,8.05
91,Puerto Ayora,20,EC,1545080400,55,-0.74,-90.35,86.0,13.87
92,Mahebourg,40,MU,1545080400,69,-20.41,57.7,78.8,13.87
93,Atuona,12,PF,1545084461,99,-9.8,-139.03,81.86,15.59
94,Avarua,32,CK,1545084370,99,-21.21,-159.78,79.52,13.58
95,Komsomolskiy,80,RU,1545084862,92,67.55,63.78,22.87,25.99
96,Srednekolymsk,32,RU,1545084863,0,67.46,153.71,-42.43,2.62
97,Eyl,0,SO,1545084864,88,7.98,49.82,77.86,20.18
98,Lokomotivnyy,76,RU,1545084866,83,53.01,60.57,12.79,3.29
99,Sorland,20,NO,1545081600,92,67.67,12.69,23.0,2.24
100,Prainha,20,BR,1545084868,86,-1.8,-53.48,79.61,3.74
101,Arcachon,0,FR,1545082200,93,44.65,-1.18,44.6,3.36
102,Tripoli,92,GR,1545084871,95,37.51,22.37,39.74,1.83
103,Victoria,75,BN,1545082200,94,5.28,115.24,78.8,1.12
104,Cherskiy,48,RU,1545084516,55,68.75,161.3,-32.08,1.83
105,Kenai,90,US,1545083760,84,60.55,-151.26,24.98,9.17
106,Khatanga,32,RU,1545084511,63,71.98,102.47,-21.87,15.03
107,Carnarvon,92,ZA,1545084456,12,-30.97,22.13,82.94,12.12
108,Melita,36,CA,1545084877,95,49.27,-100.98,26.56,13.24
109,Nalut,0,LY,1545084879,89,31.86,10.98,44.33,4.63
110,Flin Flon,90,CA,1545080400,66,54.77,-101.88,14.0,9.17
111,Zhanaozen,8,KZ,1545084881,63,43.35,52.85,13.96,7.09
112,Saskylakh,44,RU,1545084882,38,71.97,114.09,-25.65,6.76
113,Pacific Grove,1,US,1545083700,55,36.62,-121.92,62.06,6.93
114,Bouake,0,CI,1545080400,65,7.69,-5.02,77.0,2.24
115,Yar-Sale,48,RU,1545084550,86,66.83,70.83,20.39,23.76
116,Leopold,1,US,1545083760,28,38.1,-86.58,51.8,5.82
117,Garissa,0,KE,1545084888,59,-0.46,39.64,76.6,2.95
118,Bilibino,48,RU,1545084889,38,68.06,166.44,-26.1,1.95
119,Vila Franca do Campo,20,PT,1545082200,82,37.72,-25.43,57.2,10.29
120,Taree,36,AU,1545080400,83,-31.91,152.46,73.4,3.36
121,Nouadhibou,88,MR,1545080400,32,20.93,-17.03,69.8,6.93
122,Jamestown,24,AU,1545084528,76,-33.21,138.6,67.01,9.66
123,Kitimat,90,CA,1545082560,100,54.02,-128.69,33.8,2.24
124,Hami,0,CN,1545084896,47,42.84,93.51,-2.97,5.41
125,Sao Filipe,88,CV,1545084898,97,14.9,-24.5,73.81,14.7
126,Sinnamary,76,GF,1545084899,100,5.38,-52.96,77.99,7.65
127,Maine-Soroa,0,NE,1545084900,30,13.21,12.02,67.64,9.89
128,Kingaroy,90,AU,1545082200,88,-26.54,151.84,71.6,9.17
129,Corrente,12,BR,1545084903,39,-17.45,-44.68,86.18,5.64
130,New Norfolk,75,AU,1545082200,71,-42.78,147.06,57.2,9.17
131,Twin Falls,90,US,1545083580,57,42.57,-114.46,42.08,3.36
132,Mar del Plata,0,AR,1545084906,25,-46.43,-67.52,75.11,7.54
133,Arraial do Cabo,0,BR,1545080400,65,-22.97,-42.02,80.6,23.04
134,Shitanjing,0,CN,1545084909,59,39.23,106.34,1.31,1.72
135,Salalah,0,OM,1545083400,53,17.01,54.1,77.0,11.41
136,Kodiak,1,US,1545083700,13,39.95,-94.76,53.06,5.82
137,Kavaratti,0,IN,1545084912,100,10.57,72.64,83.66,11.56
138,Thenzawl,76,IN,1545084914,93,23.28,92.78,61.34,1.95
139,San Carlos,20,VE,1545084915,39,9.66,-68.59,91.22,8.77
140,Porto Novo,40,BR,1545084000,74,-23.68,-45.44,80.6,1.83
141,Bang Krathum,92,TH,1545084918,75,16.58,100.3,77.32,4.29
142,Qaanaaq,8,GL,1545084919,81,77.48,-69.36,-13.77,9.1
143,Taltal,0,CL,1545084920,71,-25.41,-70.49,69.22,4.41
144,Norman Wells,40,CA,1545080400,76,65.28,-126.83,-5.81,2.24
145,Lebu,0,ET,1545084923,87,8.96,38.73,41.36,2.73
146,Turukhansk,92,RU,1545084924,84,65.8,87.96,24.76,19.95
147,Qasigiannguit,68,GL,1545083400,72,68.82,-51.19,15.8,8.05
148,Hasaki,40,JP,1545082200,86,35.73,140.83,39.2,5.82
149,Tilichiki,0,RU,1545084927,52,60.47,166.1,-31.18,1.95
150,Koslan,64,RU,1545084928,81,63.46,48.9,13.73,6.2
151,Solnechnyy,32,RU,1545084930,50,50.72,136.64,-17.73,2.39
152,Buin,0,CL,1545084000,34,-33.73,-70.74,82.4,10.29
153,Tasiilaq,92,GL,1545083400,79,65.61,-37.64,28.4,1.12
154,Razdolinsk,80,RU,1545084933,79,58.42,94.62,13.73,8.99
155,Bereznik,12,RU,1545084934,86,62.86,42.71,14.27,5.64
156,Rorvik,20,NO,1545079800,92,64.86,11.24,28.4,5.82
157,Severo-Kurilsk,80,RU,1545084937,100,50.68,156.12,34.16,6.42
158,Nidzica,90,PL,1545082200,92,53.36,20.43,30.2,2.24
159,Port Alfred,68,ZA,1545084499,93,-33.59,26.89,74.89,7.54
160,Bintulu,90,MY,1545080400,100,3.17,113.03,73.4,3.36
161,Soria,0,ES,1545084941,80,41.76,-2.46,25.75,4.07
162,Ancud,0,CL,1545084000,62,-41.87,-73.83,59.0,9.17
163,Flinders,90,AU,1545082200,78,-34.58,150.85,71.6,10.29
164,East London,64,ZA,1545084945,100,-33.02,27.91,75.38,6.64
165,Lobatse,100,BW,1545084000,36,-25.21,25.68,75.2,6.93
166,San Patricio,0,PY,1545084947,56,-26.98,-56.83,91.81,6.08
167,Kysyl-Syr,44,RU,1545084948,74,63.9,122.77,-17.46,4.85
168,Tupik,44,RU,1545084949,50,54.43,119.94,-19.08,5.19
169,Barrow,48,AR,1545084470,36,-38.31,-60.23,64.09,13.47
170,Panama City,1,US,1545083760,75,30.16,-85.65,62.96,10.29
171,Payo,92,ID,1545084953,96,-3.75,103.64,73.09,3.96
172,Chokurdakh,36,RU,1545084954,78,70.62,147.9,-38.16,3.06
173,Priiskovyy,20,RU,1545084955,58,51.93,116.63,-13.59,8.21
174,Vao,92,EE,1545084956,93,59.1,26.19,25.12,7.76
175,Leirvik,88,NO,1545083400,69,59.78,5.5,35.6,11.41
176,Leningradskiy,48,RU,1545084959,93,69.38,178.42,-7.65,20.85
177,Huescar,44,ES,1545084960,93,37.81,-2.54,32.63,2.39
178,Shaoxing,0,CN,1545082200,100,30.0,120.58,35.6,4.47
179,Ambikapur,100,IN,1545084963,98,23.12,83.2,52.12,12.35
180,Tarko-Sale,88,RU,1545084551,89,64.92,77.78,21.79,17.05
181,Kolokani,0,ML,1545084965,39,13.58,-8.03,67.82,6.64
182,Sibu,75,MY,1545084000,100,2.29,111.83,73.4,4.7
183,Yueyang,0,CN,1545084967,89,29.36,113.12,30.97,4.85
184,Cedar City,92,US,1545083580,33,37.68,-113.06,46.04,9.17
185,Gayeri,0,BF,1545084969,34,12.65,0.49,71.65,8.21
186,Maketu,0,NZ,1545084971,83,-37.76,176.45,70.12,3.51
187,Zyryanka,12,RU,1545084972,0,65.73,150.89,-48.64,2.17
188,Cortez,75,US,1545083580,42,37.35,-108.58,42.98,5.53
189,Christchurch,36,NZ,1545080400,49,-43.53,172.64,69.8,9.17
190,Tuatapere,44,NZ,1545084495,76,-46.13,167.69,65.12,16.93
191,Necochea,44,AR,1545084976,58,-38.55,-58.74,60.85,13.69
192,Castro,0,CL,1545084000,62,-42.48,-73.76,59.0,9.17
193,Evensk,20,RU,1545084506,100,61.92,159.24,-1.48,8.66
194,Tomatlan,12,MX,1545084980,58,19.93,-105.25,81.19,3.4
195,Constitucion,75,MX,1545082860,24,23.99,-104.67,68.0,10.29
196,Husavik,32,CA,1545084983,90,50.56,-96.99,15.31,11.12
197,Lasa,40,CY,1545082200,72,34.92,32.53,64.4,10.29
198,Hithadhoo,80,MV,1545084985,100,-0.6,73.08,82.9,12.57
199,Ocampo,92,PH,1545084987,100,13.56,123.37,76.64,14.25
200,Isangel,36,VU,1545084988,100,-19.55,169.27,77.5,11.12
201,Great Yarmouth,80,GB,1545083400,93,52.61,1.73,42.8,8.05
202,Richards Bay,12,ZA,1545084990,60,-28.77,32.06,81.82,11.45
203,Butaritari,76,KI,1545084498,100,3.07,172.79,81.59,18.28
204,Georgetown,75,GY,1545084000,83,6.8,-58.16,82.4,9.17
205,Ankazoabo,8,MG,1545084994,90,-22.29,44.51,68.32,2.95
206,Camacha,40,PT,1545082200,82,33.08,-16.33,64.4,10.29
207,Pandegelang,20,ID,1545084000,83,-6.31,106.11,77.0,6.93
208,Tecoanapa,75,MX,1545082920,70,16.99,-99.26,84.2,6.93
209,Whyalla,80,AU,1545080400,83,-33.04,137.58,71.6,10.29
210,Iralaya,90,HN,1545084000,93,15.0,-83.23,59.0,4.7
211,Klaeng,24,TH,1545085002,96,12.78,101.65,81.1,7.99
212,Pangnirtung,90,CA,1545080400,60,66.15,-65.72,10.4,10.29
213,Lakes Entrance,92,AU,1545085004,96,-37.88,147.99,62.29,5.3
214,Akureyri,92,IS,1545085006,97,65.68,-18.09,32.99,9.66
215,Dzhebariki-Khaya,64,RU,1545085007,80,62.22,135.8,-18.76,2.73
216,Codrington,40,AU,1545080460,73,-28.95,153.24,77.0,1.12
217,Baiyin,0,CN,1545080400,56,36.55,104.13,12.2,6.71
218,Qaqortoq,0,GL,1545084890,97,60.72,-46.03,22.69,6.2
219,Carinhanha,36,BR,1545085011,53,-14.3,-43.77,83.71,5.75
220,Lorengau,56,PG,1545085012,99,-2.02,147.27,84.7,7.76
221,Muzhi,0,RU,1545085013,79,65.4,64.7,17.33,16.26
222,Pevek,48,RU,1545084453,100,69.7,170.27,-24.21,7.99
223,Ambon,90,FR,1545082200,100,47.55,-2.56,51.8,10.29
224,Manono,76,CD,1545085017,99,-7.3,27.4,68.32,5.53
225,Vagur,88,FO,1545085018,96,61.47,-6.81,47.12,37.74
226,Abu Samrah,92,SY,1545085019,98,35.3,37.18,49.06,5.97
227,Ust-Nera,24,RU,1545085020,0,64.57,143.24,-50.08,1.95
228,Krasnyy Kommunar,90,RU,1545084000,85,51.96,55.37,15.8,11.18
229,Saint-Joseph,0,FR,1545082200,68,43.56,6.97,44.6,3.36
230,Beni,20,CD,1545085024,94,0.49,29.47,63.01,2.39
231,Beloha,36,MG,1545085025,73,-25.17,45.06,77.59,10.45
232,San Quintin,0,PH,1545085027,83,17.54,120.52,67.6,5.53
233,Babra,0,IN,1545085028,59,21.84,71.3,59.09,10.67
234,Bathsheba,40,BB,1545084000,78,13.22,-59.52,77.0,14.99
235,Kamiiso,75,JP,1545084000,88,41.82,140.65,32.0,11.41
236,Longyearbyen,20,NO,1545083400,77,78.22,15.63,6.8,4.18
237,Antofagasta,0,CL,1545084000,68,-23.65,-70.4,64.4,10.29
238,Umm Lajj,0,SA,1545085033,100,25.02,37.27,62.87,11.68
239,Tuktoyaktuk,90,CA,1545080400,77,69.44,-133.03,-2.21,4.7
240,Guapiacu,20,BR,1545080400,45,-20.8,-49.22,87.8,6.93
241,Aquiraz,75,BR,1545084000,88,-3.9,-38.39,78.8,5.82
242,Faanui,68,PF,1545085038,100,-16.48,-151.75,82.67,9.22
243,Tiksi,32,RU,1545084457,59,71.64,128.87,-20.74,3.74
244,Poum,92,MK,1545085040,96,41.28,20.71,28.45,2.17
245,Mareeba,0,AU,1545082200,65,-16.99,145.42,82.4,5.82
246,Padang,20,ID,1545082200,94,-0.92,100.36,75.2,8.43
247,Saint Anthony,90,US,1545083760,61,43.97,-111.68,39.92,8.21
248,Noumea,75,NC,1545084000,61,-22.28,166.46,80.6,2.24
249,Gamba,80,CN,1545085046,79,28.28,88.52,5.32,1.61
250,Gat,0,SN,1545082200,73,14.69,-16.54,77.0,13.87
251,Bilma,0,NE,1545085049,45,18.69,12.92,52.3,7.2
252,Waipawa,0,NZ,1545085050,67,-39.94,176.59,68.99,10.45
253,Thompson,75,CA,1545080400,76,55.74,-97.86,-4.01,3.36
254,Khani,75,GE,1545084000,86,41.96,42.96,50.0,28.86
255,San Pedro,56,AR,1545085055,79,-33.68,-59.66,72.55,22.08
256,Artesia,75,US,1545083580,65,32.84,-104.4,55.04,4.74
257,Varnamo,44,SE,1545083400,100,57.19,14.04,28.4,2.62
258,Batagay-Alyta,0,RU,1545085058,0,67.8,130.41,-43.47,3.85
259,Vallenar,88,CL,1545085059,68,-28.58,-70.76,71.51,2.95
260,Veraval,90,FR,1545082200,93,49.65,0.71,48.2,10.29
261,Morristown,1,US,1545083700,53,36.21,-83.29,55.4,6.93
262,Sao Joao da Barra,0,BR,1545084000,69,-21.64,-41.05,78.8,13.87
263,Houma,0,CN,1545084896,75,35.63,111.36,15.22,1.72
264,Vila Velha,75,BR,1545084000,88,-3.71,-38.6,78.8,5.82
265,Anshun,0,CN,1545085066,83,26.25,105.93,36.46,5.3
266,Callaway,1,US,1545083700,69,46.98,-95.91,33.8,10.29
267,Baruun-Urt,0,MN,1545085069,70,46.68,113.28,1.99,11.34
268,Fortuna,0,ES,1545082200,76,38.18,-1.13,48.2,3.36
269,Portland,90,US,1545083580,83,45.52,-122.67,53.96,10.29
270,Cururupu,24,BR,1545085073,74,-1.82,-44.87,81.82,10.67
271,Nicoya,0,CR,1545084000,51,10.15,-85.45,86.0,20.8
272,Saint-Philippe,90,CA,1545083700,93,45.36,-73.48,33.8,8.05
273,Tiarei,20,PF,1545084000,66,-17.53,-149.33,87.8,8.05
274,Doha,0,QA,1545084000,64,25.29,51.53,68.0,2.24
275,Ruteng,8,ID,1545085079,93,-8.61,120.46,69.26,3.62
276,Mahibadhoo,20,MV,1545085080,100,3.78,72.97,82.36,13.02
277,Patacamaya,92,BO,1545085081,96,-17.23,-67.92,48.11,9.66
278,Vrangel,48,RU,1545085082,100,42.73,133.08,30.47,23.2
279,Nome,1,US,1545083700,65,30.04,-94.42,69.62,6.93
280,Iqaluit,90,CA,1545080400,79,63.75,-68.52,21.2,10.29
281,Opuwo,32,NA,1545085086,30,-18.06,13.84,76.73,6.53
282,Sechura,0,PE,1545085087,69,-5.56,-80.82,79.43,13.47
283,Joshimath,0,IN,1545085088,81,30.57,79.57,-5.08,1.39
284,Saint-Michel-des-Saints,80,CA,1545085090,73,46.68,-73.92,26.33,10.45
285,Andalan,0,PH,1545085091,94,5.96,121.39,82.45,12.68
286,Carolina,40,PR,1545083760,62,18.38,-65.96,82.04,5.82
287,Sistranda,75,NO,1545083400,100,63.73,8.83,32.0,6.93
288,Tromso,0,NO,1545083400,85,69.65,18.96,21.2,4.7
289,Marinette,1,US,1545083760,55,45.1,-87.63,32.18,4.7
290,San Carlos de Bariloche,0,AR,1545080400,15,-41.13,-71.31,73.4,19.46
291,Cidreira,76,BR,1545085098,94,-30.17,-50.22,75.47,10.67
292,Omsukchan,0,RU,1545085099,40,62.53,155.8,-28.03,2.62
293,Bawku,0,GH,1545085100,33,11.06,-0.24,74.62,8.99
294,Bom Jesus,32,BR,1545085102,50,-9.08,-44.36,86.5,7.65
295,Taunggyi,8,MM,1545085103,91,20.78,97.03,52.21,2.39
296,Hamilton,75,BM,1545083700,68,32.3,-64.78,69.8,21.92
297,Viedma,0,AR,1545085106,33,-40.81,-62.99,73.9,5.64
298,Kaitangata,100,NZ,1545085107,92,-46.28,169.85,63.14,16.26
299,Genhe,0,CN,1545085108,49,50.78,121.52,-18.99,6.53
300,Rocha,76,UY,1545085109,92,-34.48,-54.34,69.22,12.68
301,Shubarshi,76,KZ,1545085111,74,48.59,57.19,15.67,3.18
302,Crestview,1,US,1545083760,53,30.76,-86.57,64.94,5.97
303,Gornopravdinsk,68,RU,1545085113,88,60.06,69.92,18.86,7.2
304,Zhezkazgan,68,KZ,1545085114,81,47.8,67.71,18.64,14.25
305,Hualmay,12,PE,1545085115,66,-11.1,-77.61,75.25,5.75
306,Kinablangan,88,PH,1545085116,100,7.69,126.55,78.98,11.23
307,Parrita,40,CR,1545084000,57,9.52,-84.33,78.8,11.41
308,San Felipe,0,CL,1545085119,51,-32.75,-70.73,72.1,2.17
309,Minna,0,NG,1545085121,29,9.62,6.55,76.73,12.68
310,Gorontalo,12,ID,1545085031,97,0.54,123.06,73.31,2.17
311,Hot Springs,1,US,1545083580,49,34.5,-93.06,57.92,6.93
312,Lompoc,1,US,1545084000,67,34.64,-120.46,64.94,4.7
313,Margate,75,AU,1545082200,71,-43.03,147.26,57.2,9.17
314,Yima,0,CN,1545085126,67,34.75,111.87,18.37,3.18
315,Sinjar,92,SY,1545085127,98,35.59,37.0,49.06,5.97
316,Yeppoon,75,AU,1545084000,61,-23.13,150.74,82.4,12.75
317,Nikolskoye,90,RU,1545084000,92,59.7,30.79,17.6,4.47
318,Douglas,1,US,1545083760,54,31.34,-109.55,57.02,3.36
319,Tallahassee,1,US,1545082500,51,30.44,-84.28,66.92,5.82
320,Uyuni,48,BO,1545085133,50,-20.46,-66.82,58.87,3.62
321,Touros,88,BR,1545085134,86,-5.2,-35.46,79.66,11.45
322,Khorixas,80,NA,1545085136,46,-20.37,14.96,72.64,5.86
323,Dingle,56,PH,1545085137,92,11.0,122.67,75.74,14.03
324,Dalhousie,20,IN,1545085138,43,32.54,75.98,33.26,2.62
325,Torbay,90,CA,1545080400,86,47.66,-52.73,28.4,14.99
326,Marienburg,75,DE,1545083400,87,52.12,9.98,42.8,5.82
327,Kununurra,40,AU,1545084000,83,-15.77,128.74,84.2,2.24
328,Nishihara,1,JP,1545084000,62,35.74,139.53,46.4,4.7
329,Keti Bandar,0,PK,1545085144,100,24.14,67.45,65.71,18.95
330,Chino Valley,90,US,1545083700,38,34.76,-112.45,53.6,14.99
331,Salgar,40,CO,1545084000,53,5.96,-75.98,77.0,20.8
332,Gari,0,RU,1545085148,91,59.43,62.35,11.17,5.97
333,Pisco,0,PE,1545084000,30,-13.71,-76.2,71.6,24.16
334,Hirara,40,JP,1545084000,59,24.8,125.28,64.4,8.05
335,Inirida,0,CO,1545085151,77,3.87,-67.92,83.03,2.28
336,Laguna,75,MX,1545082860,31,27.52,-110.01,78.8,9.17
337,Zeya,0,RU,1545085153,31,53.74,127.27,-22.77,2.28
338,Quesnel,1,CA,1545080400,75,52.98,-122.49,41.0,3.36
339,Naryan-Mar,88,RU,1545085156,92,67.67,53.09,26.96,27.11
340,Bud,75,NO,1545083400,69,62.91,6.91,35.6,5.82
341,Husum,76,DE,1545081600,93,54.49,9.05,35.6,8.05
342,Mnogovershinnyy,68,RU,1545085159,78,53.94,139.92,1.31,3.74
343,Stuttgart,20,DE,1545083400,93,48.78,9.18,37.4,2.24
344,Erin,75,CA,1545080400,55,43.78,-80.07,37.4,17.22
345,Lerwick,44,GB,1545083400,75,60.15,-1.15,46.4,28.86
346,Coihaique,0,CL,1545084000,41,-45.58,-72.07,60.8,9.17
347,Soe,90,EE,1545083400,92,57.91,26.05,24.8,5.82
348,Ponta Delgada,20,PT,1545082200,82,37.73,-25.67,57.2,10.29
349,Yavatmal,44,IN,1545085097,91,20.39,78.13,57.02,7.2
350,Sur,0,OM,1545085169,100,22.57,59.53,69.62,4.18
351,Hukuntsi,0,BW,1545085170,23,-23.98,21.76,78.49,10.22
352,Lavrentiya,32,RU,1545085171,100,65.58,-170.99,3.61,17.83
353,Liwale,44,TZ,1545085172,95,-9.8,37.92,71.69,3.18
354,Cooma,75,AU,1545084360,82,-36.24,149.13,64.4,8.05
355,Road Town,40,VG,1545084000,69,18.42,-64.62,80.96,6.93
356,Hanzhong,8,CN,1545085176,97,33.08,107.03,23.27,3.96
357,Kungurtug,36,RU,1545085177,61,50.6,97.53,-0.27,3.51
358,Nadvoitsy,64,RU,1545085178,88,63.89,34.27,12.16,6.42
359,Rawson,0,AR,1545085179,22,-43.3,-65.11,79.07,9.78
360,Sabang,92,PH,1545085180,100,13.72,123.58,76.64,14.25
361,Ixtapa,40,MX,1545079500,48,20.71,-105.21,82.4,8.05
362,Santa Cruz,75,US,1545083580,47,36.97,-122.03,62.6,4.7
363,Bethanien,80,NA,1545085185,25,-26.5,17.16,76.06,1.95
364,Goderich,48,CA,1545085186,79,43.74,-81.71,32.63,22.3
365,Arlit,0,NE,1545085187,47,18.74,7.39,56.17,7.87
366,Namatanai,64,PG,1545085188,100,-3.66,152.44,81.86,3.4
367,Santa Fe,90,AR,1545082200,94,-31.62,-60.7,69.8,9.17
368,Broken Hill,0,AU,1545084000,37,-31.97,141.45,82.4,16.11
369,West Point,1,US,1545084900,76,33.61,-88.65,53.6,4.41
370,Kijang,0,KR,1545084000,80,35.24,129.21,30.2,2.24
371,Kodinsk,88,RU,1545085194,73,58.6,99.18,15.44,9.55
372,Suruc,75,TR,1545083400,93,36.98,38.42,41.0,6.93
373,Waitati,64,NZ,1545085197,61,-45.75,170.57,67.82,15.03
374,Port Keats,32,AU,1545085198,93,-14.25,129.55,83.03,10.45
375,Concepcion,8,CO,1545085199,28,9.56,-73.66,97.97,2.39
376,Gifhorn,75,DE,1545083400,87,52.48,10.54,42.8,5.82
377,Moses Lake,90,US,1545083580,95,47.13,-119.28,39.02,7.43
378,Los Llanos de Aridane,0,ES,1545084000,59,28.66,-17.92,64.4,6.93
379,Aguililla,68,MX,1545085204,42,18.74,-102.79,80.02,1.72
380,Harlingen,20,US,1545083700,52,26.19,-97.7,73.04,8.05
381,Donegal,92,IE,1545085206,95,54.65,-8.11,51.53,31.36
382,Sambava,76,MG,1545085208,100,-14.27,50.17,77.14,16.49
383,Sulangan,36,PH,1545085209,100,11.14,123.72,81.1,19.73
384,Auki,0,NG,1545085210,34,12.18,6.51,66.34,8.32
385,Nanton,0,CA,1545085211,40,50.35,-113.77,44.11,9.44
386,Luis Correia,75,BR,1545083100,69,-2.88,-41.67,78.8,6.93
387,Solton,88,RU,1545085214,90,52.84,86.48,16.79,6.31
388,Parauna,44,ID,1545085215,96,-3.82,122.09,69.4,1.95
389,Henties Bay,56,NA,1545085216,98,-22.12,14.28,60.89,4.74
390,Florence,1,US,1545083700,53,34.8,-87.68,57.92,8.05
391,Chimore,48,BO,1545085207,83,-16.98,-65.13,78.76,5.19
392,Maumere,8,ID,1545085220,100,-8.63,122.22,80.96,1.72
393,Pangkalanbuun,32,ID,1545085221,98,-2.68,111.62,71.51,3.18
394,Kilifi,0,KE,1545085222,87,-3.63,39.85,75.97,4.07
395,Saint-Paul,0,FR,1545082200,93,45.22,1.9,35.6,6.93
396,Cuxhaven,75,DE,1545081600,93,53.87,8.7,42.8,8.05
397,Verkhoyansk,12,RU,1545085226,0,67.55,133.39,-42.48,2.62
398,Sungairaya,76,ID,1545085227,99,0.7,108.9,75.07,2.73
399,Grand-Santi,56,GF,1545085228,82,4.27,-54.38,78.67,2.17
400,Chernyshevskiy,20,RU,1545085230,71,63.01,112.47,-17.01,4.18
401,Saint-Pierre,75,FR,1545082200,93,48.95,4.24,41.0,8.05
402,Luanda,40,AO,1545084000,74,-8.83,13.24,80.6,4.7
403,Hobyo,0,SO,1545085233,78,5.35,48.53,77.59,15.7
404,Tabuk,92,PH,1545085235,96,17.41,121.44,62.69,1.28
405,Kavieng,24,PG,1545085236,100,-2.57,150.8,85.15,5.75
406,Emerald,0,AU,1545084000,61,-23.53,148.16,82.4,10.29
407,Marawi,8,PH,1545085238,100,8.0,124.29,66.97,2.28
408,Tautira,20,PF,1545084000,66,-17.73,-149.15,87.8,8.05
409,Bayir,20,TR,1545083400,93,37.27,28.22,46.4,3.36
410,Saldanha,0,PT,1545085242,90,41.42,-6.55,32.95,6.2
411,Klaksvik,48,FO,1545083400,87,62.23,-6.59,44.6,34.45
412,Manzhouli,12,CN,1545085244,60,49.6,117.43,-8.73,7.87
413,Dungarvan,90,IE,1545084000,100,52.09,-7.62,51.8,27.51
414,Te Anau,92,NZ,1545085076,95,-45.41,167.72,58.01,13.24
415,Bara,0,NG,1545085248,31,10.41,10.6,69.85,9.33
416,Minab,0,IR,1545084000,58,27.15,57.07,57.2,6.93
417,Nanortalik,0,GL,1545085250,90,60.14,-45.24,26.02,8.99
418,San Policarpo,100,PH,1545085251,100,12.18,125.51,77.18,16.15
419,Paramonga,12,PE,1545085073,99,-10.68,-77.82,69.71,9.89
420,Halifax,90,CA,1545080400,100,44.65,-63.58,35.6,13.87
421,Beatrice,1,US,1545083700,41,40.27,-96.75,53.6,12.75
422,Leamington,90,CA,1545084000,74,42.05,-82.6,37.4,9.17
423,Vestmanna,44,FO,1545083400,87,62.16,-7.17,44.6,34.45
424,Stony Mountain,40,CA,1545080400,62,50.09,-97.22,19.4,11.41
425,Damietta,0,EG,1545080400,82,31.42,31.81,60.8,11.41
426,Tocopilla,0,CL,1545085261,87,-22.09,-70.2,67.42,5.41
427,Salvador,20,BR,1545084000,69,-12.98,-38.48,82.4,10.29
428,Ravar,0,IR,1545085263,71,31.27,56.81,27.86,2.17
429,Trelew,0,AR,1545085264,22,-43.25,-65.31,79.07,9.78
430,Maloy,76,ID,1545085266,96,1.0,118.1,73.45,1.95
431,La Ronge,40,CA,1545080400,66,55.1,-105.3,15.8,6.93
432,Huarmey,8,PE,1545085268,59,-10.07,-78.15,75.92,4.29
433,Khakhea,0,BW,1545085269,26,-24.69,23.5,79.07,9.22
434,Vestmannaeyjar,56,IS,1545085270,87,63.44,-20.27,44.69,41.99
435,Sivac,90,RS,1545082200,92,45.7,19.38,23.0,3.36
436,Kulaman,88,PH,1545085273,94,6.46,124.09,72.01,2.62
437,Luau,92,CD,1545085274,99,-10.7,22.23,64.67,2.62
438,Iwaki,20,JP,1545084000,69,37.05,140.89,35.6,17.22
439,Leh,48,IN,1545085276,39,34.16,77.58,-35.01,1.05
440,Kerema,80,PG,1545085277,99,-7.96,145.78,73.31,2.95
441,Muroto,20,JP,1545084000,80,33.37,134.14,35.6,3.36
442,Soyo,0,AO,1545085280,83,-6.13,12.37,78.76,4.97
443,Formosa,0,AR,1545084000,50,-26.19,-58.17,95.0,9.17
444,San Luis,20,AR,1545085282,62,-33.3,-66.34,73.81,15.82
445,Kalmunai,0,LK,1545085284,98,7.42,81.82,68.09,3.29
446,Carutapera,56,BR,1545085285,80,-1.2,-46.02,81.37,11.23
447,Palmer,75,AU,1545084000,68,-34.85,139.16,69.8,4.7
448,Port Angeles,90,US,1545084900,92,48.12,-123.43,50.0,3.36
449,Puerto Escondido,40,MX,1545082800,74,15.86,-97.07,80.6,8.05
450,Santa Cruz del Sur,8,CU,1545085290,70,20.71,-78.0,83.62,3.62
451,Bahia Blanca,0,AR,1545085291,59,-38.72,-62.27,67.19,15.7
452,Rae Bareli,36,IN,1545085292,87,26.22,81.25,50.77,2.73
453,Adrar,0,DZ,1545080400,35,27.87,-0.29,57.2,12.75
454,Bluefield,1,US,1545083700,57,37.27,-81.22,48.56,13.87
455,Tibati,8,CM,1545085296,30,6.47,12.63,72.32,12.01
456,Orvault,90,FR,1545082200,100,47.27,-1.62,50.0,9.17
457,Narasannapeta,92,IN,1545085298,100,18.42,84.04,71.65,2.73
458,Port Blair,76,IN,1545085299,99,11.67,92.75,83.62,13.91
459,Labuhan,92,ID,1545085300,98,-2.54,115.51,72.1,1.61
460,Zabaykalsk,12,CN,1545085301,60,49.64,117.33,-8.73,7.87
461,Egvekinot,36,RU,1545085303,62,66.32,-179.17,-35.19,2.39
462,Burlington,90,CA,1545085080,64,43.32,-79.8,37.4,16.11
463,Pitimbu,75,BR,1545084000,94,-7.47,-34.81,77.0,8.05
464,Springdale,1,US,1545083880,35,36.19,-94.13,57.2,4.07
465,Calama,0,CL,1545084000,17,-22.46,-68.93,73.4,19.46
466,Mudanya,40,TR,1545083400,100,40.38,28.88,50.0,1.12
467,Griffith,0,AU,1545084000,44,-34.29,146.06,80.6,8.05
468,Waddan,0,LY,1545085311,68,29.16,16.14,42.62,3.74
469,Shingu,0,JP,1545085312,100,33.72,135.99,50.77,22.53
470,Kurilsk,56,RU,1545085313,100,45.23,147.88,32.27,9.89
471,Pringsewu,44,ID,1545085314,87,-5.36,104.98,75.74,2.28
472,Karasjok,75,NO,1545083400,72,69.47,25.52,15.8,10.29
473,Chiradzulu,80,MW,1545085317,99,-15.7,35.18,69.94,3.51
474,Manadhoo,12,MV,1545085318,100,5.77,73.38,81.68,8.21
475,Belmonte,0,PT,1545085319,86,40.36,-7.35,32.14,4.52
476,Mount Darwin,88,ZW,1545085321,89,-16.77,31.58,70.21,2.84
477,Miraflores,32,CO,1545085322,55,5.2,-73.14,63.01,2.62
478,Kasongo,12,CD,1545085323,90,-4.43,26.67,71.11,1.95
479,Houston,1,US,1545084900,30,29.76,-95.37,71.6,4.07
480,Nago,0,IT,1545083400,100,45.88,10.89,32.0,4.7
481,Shilka,0,RU,1545085327,54,51.85,116.03,-6.3,6.98
482,Nemuro,0,JP,1545085328,100,43.32,145.57,37.36,17.49
483,Saint-Augustin,0,FR,1545082200,93,44.83,-0.61,44.6,6.93
484,Kimbe,32,PG,1545085330,100,-5.56,150.15,80.47,1.39
485,Makhu,0,IN,1545082200,100,31.11,74.97,42.8,2.73
486,Dzaoudzi,0,YT,1545084000,88,-12.79,45.27,78.8,4.7
487,Yarovoye,80,RU,1545085334,81,52.92,78.56,12.11,5.3
488,Esna,92,RO,1545085335,100,45.2,27.57,32.41,13.13
489,El Alto,75,BO,1545084000,66,-16.5,-68.19,51.8,6.93
490,Carballo,0,ES,1545082200,58,43.21,-8.69,53.6,14.99
491,Ahipara,8,NZ,1545085338,79,-35.17,173.16,69.22,2.62
492,Hella,56,IS,1545085340,87,63.84,-20.4,44.69,41.99
493,Channel-Port aux Basques,92,CA,1545085341,100,47.57,-59.14,36.1,26.78
494,Enid,90,US,1545083940,35,36.4,-97.88,53.6,6.93
495,Hakkari,90,FI,1545083400,92,61.34,23.75,30.2,6.93
496,Ende,56,ID,1545085344,100,-8.84,121.65,80.56,5.3
497,Obzor,90,BG,1545084000,86,42.82,27.88,39.2,6.93
498,Karachi,0,PK,1545083700,20,24.87,67.03,57.2,6.93
499,Stephenville,1,US,1545083700,46,32.22,-98.2,57.56,4.63
500,Falmouth,90,GB,1545083400,87,50.16,-5.07,53.6,21.92
501,Russell,44,AR,1545085350,39,-33.01,-68.8,70.21,5.41
502,Bandarbeyla,0,SO,1545085352,100,9.49,50.81,78.22,25.43
503,Krasnyy Chikoy,32,RU,1545085353,76,50.36,108.75,7.07,3.96
504,Harper,1,US,1545083700,20,30.3,-99.24,68.9,3.36
505,Yablochnyy,40,RU,1545084000,84,47.17,142.07,6.8,4.47
506,Wuzhou,0,CN,1545085356,83,23.48,111.3,38.03,2.39
507,Annau,90,TM,1545084000,93,37.89,58.52,39.2,6.93
508,Mehamn,75,NO,1545083400,100,71.03,27.85,37.4,11.41
509,Curumani,8,CO,1545085360,39,9.2,-73.54,94.15,1.28
510,Ketchikan,90,US,1545083760,85,55.34,-131.65,44.96,28.86
511,Naze,32,NG,1545080400,83,5.43,7.07,80.6,6.53
512,Oparino,64,RU,1545085363,84,59.85,48.28,9.64,4.63
513,Hay River,40,CA,1545084000,78,60.82,-115.79,8.6,6.93
514,Ust-Tsilma,68,RU,1545085366,74,65.44,52.15,17.65,8.99
515,Chabahar,0,IR,1545085367,100,25.29,60.65,71.02,1.95
516,Benguela,12,AO,1545085368,100,-12.58,13.4,74.44,2.95
517,Chaozhou,0,CN,1545084000,93,23.66,116.62,48.2,4.74
518,Verkhnevilyuysk,36,RU,1545085371,59,63.45,120.31,-12.91,5.3
519,Nefteyugansk,75,RU,1545084000,100,61.09,72.61,21.2,8.95
520,Basco,1,US,1545083700,34,40.33,-91.2,48.2,4.7
521,Lata,0,IN,1545085374,45,30.78,78.62,33.26,3.18
522,Deputatskiy,36,RU,1545085375,45,69.3,139.9,-29.56,2.73
523,Ossora,0,RU,1545085376,100,59.24,163.07,-5.76,2.73
524,Portobelo,40,PA,1545084000,51,9.55,-79.65,86.0,14.99
525,Fukue,40,JP,1545084000,70,35.03,136.69,46.4,13.87
526,Hohhot,0,CN,1545084000,77,40.81,111.65,5.0,6.71
527,Chiang Kham,90,TH,1545084000,100,19.53,100.3,62.6,1.12
528,Mwene-Ditu,88,CD,1545085382,96,-7.01,23.45,67.87,2.95
529,Tafresh,92,IR,1545085383,86,34.69,50.01,37.67,3.62
530,Ola,64,RU,1545085385,100,59.58,151.3,14.86,20.29
531,General Roca,0,AR,1545084000,22,-39.03,-67.58,75.2,5.82
532,Suez,24,EG,1545085387,86,29.97,32.54,48.25,3.74
533,Yerbogachen,20,RU,1545085388,60,61.28,108.01,-13.5,2.73
534,Rondonopolis,0,BR,1545085389,68,-16.46,-54.64,87.85,4.18
535,Cayenne,88,GF,1545084000,83,4.94,-52.33,78.8,4.7
536,Inhambane,88,MZ,1545085392,100,-23.87,35.38,76.73,8.99
537,Tullow,75,IE,1545080400,81,52.8,-6.74,53.6,29.97
538,Maniitsoq,12,GL,1545085394,100,65.42,-52.9,10.76,6.98
539,Colares,20,PT,1545082200,87,38.8,-9.45,51.8,1.12
540,Lima,75,PE,1545084000,78,-12.06,-77.04,71.6,14.99
541,Paamiut,0,GL,1545085397,100,61.99,-49.67,26.92,6.42
542,Crotone,90,IT,1545080100,100,39.09,17.12,33.8,6.93
543,Kamaishi,20,JP,1545085400,100,39.28,141.86,30.56,7.2
544,Kaeo,8,NZ,1545085401,65,-35.1,173.78,70.21,3.85
545,Nizhniy Kuranakh,24,RU,1545085402,71,58.84,125.49,-12.01,4.74
546,Guerrero Negro,0,MX,1545085403,60,27.97,-114.04,70.52,8.66
547,Pasni,0,PK,1545085404,100,25.26,63.48,68.95,3.06
548,Salinopolis,76,BR,1545085405,100,-0.61,-47.36,80.65,13.02
549,Raudeberg,0,NO,1545083400,64,61.99,5.14,39.2,13.87
550,San Cristobal,40,EC,1545084000,68,-0.39,-78.55,64.4,12.75
551,Silifke,92,TR,1545085409,100,36.38,33.93,48.74,7.2
552,Elk,80,PL,1545085278,97,53.83,22.36,25.57,2.95
553,Vanimo,68,PG,1545085412,100,-2.67,141.3,81.46,14.7
554,Ewo,76,CG,1545085413,94,-0.88,14.81,73.04,1.39
555,Bambey,0,SN,1545084000,78,14.7,-16.45,77.0,14.99
556,Skjervoy,20,NO,1545079800,86,70.03,20.97,28.4,2.24
557,Petropavlovsk-Kamchatskiy,90,RU,1545084000,92,53.05,158.65,30.2,13.42
558,Kytmanovo,80,RU,1545085418,86,53.46,85.45,13.82,8.1
559,Tura,100,IN,1545085419,90,25.52,90.21,60.76,3.51
560,Den Helder,90,NL,1545083700,100,52.96,4.76,48.2,5.82
561,Grand Island,1,US,1545084900,42,40.92,-98.34,53.06,13.87
562,Magistralnyy,80,RU,1545085422,64,56.17,107.45,12.16,6.76
563,Nhulunbuy,12,AU,1545084000,79,-12.18,136.78,86.0,8.05
564,Champerico,90,MX,1545083280,60,16.38,-93.6,71.6,13.87
565,Beringovskiy,0,RU,1545085426,100,63.05,179.32,-12.42,9.66
566,Maryborough,88,AU,1545085427,99,-25.54,152.7,72.37,2.95
567,Leshukonskoye,48,RU,1545085428,84,64.9,45.76,17.65,7.43
568,Dudinka,64,RU,1545085429,86,69.41,86.18,13.24,17.05
